failed_syllable	failed_word	gold_line	gold_pattern	predicted_pattern
τι	Χρι_στι^α_νῶν	οἶδ'ὅπωςπρὸςτὰ_ςκέλσουκα^τὰ^χρι_στι^α_νῶνἐνσυγγράμμα^σι^	HLHHHHHLHHLHHHHHLL	HLHHHHHLL--HHHHHLL
πι	πι^θα^νότητα^	καὶταῖςκα^τηγορί^αιςμηδὲπι^θα^νότητα^εἰςτὸδύ^να^σθαίτι^	HHLHLLHHLLLLHLHLLHHL	HHLHLLHHL-LLHLHLLLHL
δι	ἐνδιδόντος.	αὐτὰ_ςἐνδιδόντοςπερὶ^δὲτοῦἰησοῦὅτι^ἐσι^ώπα_	HHHHHHLLLHHHHLLLLHH	HHH-HHLLLHLHHLLLLHH
ρἰ	ἰ_σοδυ^να^μοῦντα^	πα^ρα^θέσθαιτὰ^γὰ^ρἰ_σοδυ^να^μοῦντα^αὐτῷὁμάρκοςἔγραψεν	LLHHLLHLLLHLHHLHLHHH	LLHHLLLLLLHLHHLHL-HH
σι	λέξι^ς·	ἔχειδ'οὕτωςἡτοῦματθαίουλέξι^ςὁδὲἀρχι^ερεὺς	LHHHHHHHHHHLLHLLH	LHHHHHHHHHLLLH-LH
χι	ἀρχι^ερεὺς	ἔχειδ'οὕτωςἡτοῦματθαίουλέξι^ςὁδὲἀρχι^ερεὺς	LHHHHHHHHHHLLHLLH	LHHHHHHHHHLLLH-LH
ρι	συ^νέδρι^ον	καὶτὸσυ^νέδρι^ονἐζήτουνψευδομαρτυ^ρί^α_νκα^τὰ^τοῦἰησοῦ	HLLHLLHHHHLHLLHLLHHHH	HLL--LHHHHLHLLHLLHLHH
σι	σι^δήρῳ	σι^δήρῳκαὶἀ^πα^θὴςτὸσῶμα^πλασσόμενοςεἶτα^	LHHHLLHLHHHLLLHL	-HHHLLHLLL-LLLHL
σα	'σχί^σα^ς	κα^τα^δὺ_ςἄτρωτοςὑ^πὸγῆν'σχί^σα^ςὀρθῷποδὶ^γᾶν	LLHHHLLLHLLHHLLH	LLH-HLLLHLHHHLLH
λι	ἀ^πολι^όρκητος	πα^λαίεινἀ^ήττητόςἐστι^καὶπερι^τειχι^ζόμενοςἀ^πολι^όρκητος	LHHLHHLHLHLLHHLLLLLLHHH	LHHLHHLHLHLLHLLLLLL-HHH
νά	ἀ^νά^λωτος,	καὶπωλούμενοςὑ^πὸτῶνπολεμί^ωνἀ^νά^λωτοςοὐθὲν	HHHLLLLHLLLHLLHLHH	HHHLLLLHLLLHLHHLHH
ρι	Εὐρι_πί^δου	ὁεὐρι_πί^δουἰ^όλα_οςἐξἀ^δρα^νοῦςκαὶπα^ρήλι^κοςεὐχῇ	LHHLHLLHLHHLHHLHLLHH	LH-LHLLLLH-LHHLHLLHH
λα	Ἰ^όλα_ος	ὁεὐρι_πί^δουἰ^όλα_οςἐξἀ^δρα^νοῦςκαὶπα^ρήλι^κοςεὐχῇ	LHHLHLLHLHHLHHLHLLHH	LH-LHLLLLH-LHHLHLLHH
κα	κα^τ'	ἀ^ρετὴνκαὶγέγονενἐκῥυ_σοῦκαὶὠχροῦκαὶκα^τ'αἰσχύ^λον	LLHHLLLHHHHHHHHHLH	LLHHLLL-HHHHHHLHLH
τἀ	ἀ^πὸ	ζεὺςμὲνἀ^φίκτωρἐπί^δοιπροφρόνωςστόλονἡμέτεροννάιονἀρθέντ'ἀ^πὸπροστομί^ωνλεπτοψα^μά^θωννείλουδί_α_νδὲλι^ποῦσαι	HLLHHLLHLLHLLHLLHHLLHHLLHLLHHHLLHHHHHLLHH	HLLHHLLH-LHLLHLLHHLHHL-HLLHHHLLHHHHHLLHH
σα	λεπτοψα^μά^θων	ζεὺςμὲνἀ^φίκτωρἐπί^δοιπροφρόνωςστόλονἡμέτεροννάιονἀρθέντ'ἀ^πὸπροστομί^ωνλεπτοψα^μά^θωννείλουδί_α_νδὲλι^ποῦσαι	HLLHHLLHLLHLLHLLHHLLHHLLHLLHHHLLHHHHHLLHH	HLLHHLLH-LHLLHLLHHLHHL-HLLHHHLLHHHHHLLHH
σα	φυξα_νορί^αν,	ἀλλ'αὐτογενεῖφυξα_νορί^ανγά^μοναἰγύπτουπαίδωνἀ^σεβῆτ'ὀνοταζόμεναιδι^ά^νοια^ν	HHLLHHHLLHLLHHHHHLLHLLHLLHLLHH	HHLLHHLLLHLLHHHHHLLHLLHLLHLLHL
δα	Κρονί^δα_ο	εἰπέθεά_κρονί^δα_οδι^άκτοροναἴθοποςαὐγῆς	HLLHLLHLLHLLHLLHH	HLL-LLLL-HLLHLLHH
δι	δι^άκτορον	εἰπέθεά_κρονί^δα_οδι^άκτοροναἴθοποςαὐγῆς	HLLHLLHLLHLLHLLHH	HLL-LLLL-HLLHLLHH
πυ	πυ^ρὸς	βάκχουδισσοτόκοιοτὸνἐκπυ^ρὸςὑγρὸνἀ^είρα_ς	HHHLLHLLHLLHLLHH	HH-LLHLLHHL-LLHH
νι	πότνι^α^	ἄ^ρσενι^γαστρὶ^λόχευσεπα^τὴρκαὶπότνι^α^μήτηρ	HLLHLLHLLHHHLLHH	LLL-LLHLLHH--LHH
κύ	ἐγκύ_μονι^	ἄσπορονὄγκονἄ^πι^στονἔχωνἐγκύ_μονι^κόρσῃ	HLLHLLHLLHHHLLHH	-LLHLLLLLHHLLLHH
τι	τι^νάξα^τε	ἄ^ξα^τέμοινάρθηκα^τι^νάξα^τεκύ^μβα^λα^μοῦσαι	HLLHHHLLHLLHLLHH	LLLHHHL-HLLLLLHH
δι	Δι^ονύ_σου:	καὶπα^λά^μῃδότεθύρσονἀ^ειδομένουδι^ονύ_σου	HLLHLLHLLHLLHLLHH	HLLHLLHLLHLLH-LLH
νύ	Δι^ονύ_σου:	καὶπα^λά^μῃδότεθύρσονἀ^ειδομένουδι^ονύ_σου	HLLHLLHLLHLLHLLHH	HLLHLLHLLHLLH-LLH
γι	Γι^γά^ντων:	φρικτὰ^δρα^κοντοκόμωνἐδα^ΐ^ζετοφῦλα^γι^γά^ντων	HLLHLLHLLHLLHLLHH	HLLHLLHLLLLLHL-HH
τύ	Κρα^τύ_λος	κρα^τύ_λοςφησὶ^νὅδεὦσώκρα^τεςὀνόμα^τοςὀρθότητα^εἶναιἑκάστῳτῶνὄντωνφύ^σειπεφυ_κυῖα^νκαὶοὐτοῦτοεἶναιὄνομα^ὃἄ^ντι^νεςσυ^νθέμενοικα^λεῖνκα^λῶσι^τῆςαὑτῶνφωνῆςμόρι^ονἐπι^φθεγγόμενοιἀλλὰ^ὀρθότητά^τι^να^τῶνὀνομά^τωνπεφυ_κέναικαὶἕλλησι^καὶβα^ρβά^ροιςτὴναὐτὴνἅ^πα_σι^ν	LHHHLLLHHLLLLLHHLHLHHLHHHHHLHLHHHHHHLHHLLLLHLHHLLHLHLHLHHHHHLLLLHHLLHHLHLHLLLHLLLHLHLHHHHLHHLHHHHLHH	LLHHLLLHHLLLLLLHLHLHHL-HHHHLHLHHLHHHLHHLLLLHLHHLLHLHLHLHHHHHLLLLHHLLHHLHLHLLLHLLLHLHLHHHHLHLLHHHHLHL
τύ	Κρα^τύ_λος	ἐρωτῶοὖναὐτὸνἐγὼεἰαὐτῷκρα^τύ_λοςτῇἀ^ληθείᾳὄνομα^ἐστὶ^νἢοὔὁδὲὁμολογεῖ	LHHHHLLHHHHLHHHLHHHLLLHLHHLLLLLH	LHHHHLLHHHHLLHHLHHHLLLHLHHLLLLLH
τύ	Κρα^τύ_λου	εἰοὖνπῃἔχειςσυ^μβα^λεῖντὴνκρα^τύ_λουμα^ντεία_νἡδέωςἂ^νἀ^κούσαιμι^	HHHLHHLHHLHHHHHHLHLLHHL	HHHLHLLHHLLHLHHHLHLLHHL
ρι	Πρι^ά^μοιο	δὴτότετρῶεςἔμιμνονἀ^νὰ^πρι^ά^μοιοπόληα^	HLLHLLHLLHLLHLLHL	HL-HLLHLLL-LHLLHL
ρα	θρα^σύφρονος	δειδι^ότεςμένοςἠῢ^θρα^σύφρονοςαἰα^κί^δα_ο	HLLHLLHLLHLLHLLHL	HLLHLLH-H-LLHLLLL
δα	Αἰα^κί^δα_ο:	δειδι^ότεςμένοςἠῢ^θρα^σύφρονοςαἰα^κί^δα_ο	HLLHLLHLLHLLHLLHL	HLLHLLH-H-LLHLLLL
νὰ	ἀ^νὰ^	ἰ_ληδὸνπτώσσουσαιἀ^νὰ^ῥωπήι^α^πυκνά^	HHHHHLLHHHLLHL	HHHHHHLLHHL-L
νά	πυκνά^:	ἰ_ληδὸνπτώσσουσαιἀ^νὰ^ῥωπήι^α^πυκνά^	HHHHHLLHHHLLHL	HHHHHHLLHHL-L
ρι	ὄβρι^μου	ὥςοἱἀ^νὰ^πτολί^εθρονὑ^πέτρεσα^νὄβρι^μουἄ^νδρα^	HLLHLLHLLHLLHLLHL	HHLLLL-LL-LL--HHL
ἀ	δι^᾽	ἄλλουςθ᾽ὡςἐδά^ϊξεδι^᾽ἀ_κα^μά^τοιοθα^λάσσης	HHHLLHLLHLLHLLHH	HHHLLHLLLLLHLL-H
νι	ἀ^νι_ηρὸν	ἀμφὶ^δ᾽ἄ^ρα^σφί^σι^πένθοςἀ^νι_ηρὸνπεπότητο	HLLHLLHLLHHHLLHL	HLLLLLHLL-HHLLHL
πυ	πυ^ρὶ^	ὡςἤδηστονόεντι^κα^ταιθομένηςπυ^ρὶ^τροίης	HHHLLHLLHLLHLLHH	HHHLLHLLHLLHHLHH
τι	πνεύμα^τι^	ὄμμα^σι^νωθρὰ^βλέπουσα^τὰ^δ᾿ἠύτεπνεύμα^τι^φύλλα^	HLLHLLHLLHHHLLHL	HLLHLLHLLHL-HLLLL
ρί	πρί^ων	ἀλλ’αὐτὸςἔφερεπάντα^χὠπρί^ωνἀ^πῆν	HHLLLLHLHLHLH	HHLLLLLLHHHLH
σα	Εἴσα^γ’,	ὁδ’ἀ^νεῖπενεἴσα^γ’ὦθέογνι^τὸνχορόν	LLHLHLHLHLHLH	LLHLHHHL-LHLH
κα	κα^τέσχε	ἐπεὶοὐδὲκλεομένηςὃςαὐτὴνκα^τέσχεπρῶτος	LHLLLLHLHHLHLHH	LHH-LLLHLHHLH-HH
σι	ἐξι^πώκα^τον.	ὡςἐμοῦγετὼξύ^λωτὸνὦμονἐξι^πώκα^τον	HLHLHLHLHLHLHLL	HLHLHLHLHLH-HLH
λά	ἀ^ποσβεσθὲν	μήμ'ἀ^ποσβεσθὲνλά^θῃπρὸςτῇτελευτῇτῆςὁδοῦ	HLHHHLHHHLHHHLH	HLHHHHHHHLHHHLH
σἀ	ἀρήξομεν;	ἢπότ'αὐτῇμᾶλλονἢνῦνὦλά^χηςἀρήξομεν	HLHHHLHHHLHHHLH	HLHHHLHHHLHLHLH
νι	Νι_κοδί^κη,	πέτουπέτουνι_κοδί^κηπρὶ^νἐμπεπρῆσθαικα^λύ^κηντεκαὶκρί^τυλλανπερι^φυ_σήτω	LHLHHLLHLHLHHLLHLHLHHLLHHH	LHLH-LLHLH-HHLLHLHHHLL-HHH
ρί	Κρί^τυλλαν	πέτουπέτουνι_κοδί^κηπρὶ^νἐμπεπρῆσθαικα^λύ^κηντεκαὶκρί^τυλλανπερι^φυ_σήτω	LHLHHLLHLHLHHLLHLHLHHLLHHH	LHLH-LLHLH-HHLLHLHHHLL-HHH
ρι	περι^φυ_σήτω	πέτουπέτουνι_κοδί^κηπρὶ^νἐμπεπρῆσθαικα^λύ^κηντεκαὶκρί^τυλλανπερι^φυ_σήτω	LHLHHLLHLHLHHLLHLHLHHLLHHH	LHLH-LLHLH-HHLLHLHHHLL-HHH
α	κνεφαία_	νυνδὴγὰ^ρἐμπλησα^μένητὴνὑ^δρί^ανκνεφαία_	HHLHHLLHHLLHLHH	HHLHHLLHH-LHLHL
ἀ	ἀ_ρα^μένη,	ἀ_ρα^μένηταῖσι^νἐμαῖςδημότι^σινκα_ομέναις	HLLHHLLHHLLHHLLH	LLLHHLLHHL-LLLLH
τι	δημότι^σιν	ἀ_ρα^μένηταῖσι^νἐμαῖςδημότι^σινκα_ομέναις	HLLHHLLHHLLHHLLH	LLLHHLLHHL-LLLLH
κα	κα_ομέναις	ἀ_ρα^μένηταῖσι^νἐμαῖςδημότι^σινκα_ομέναις	HLLHHLLHHLLHHLLH	LLLHHLLHHL-LLLLH
τα	τυ_φογέροντα_ς	ἤκουσα^γὰρτυ_φογέροντα_ςἄνδρα^ςἔρρεινστελέχηφέροντα^ςὥσπερβα^λα^νεύσοντας	HHLHHLLHHHLHHLLHLHLHHLLHHL	HHLLHLLHLLLHHLLHLHLHHLLHHL
πυ	πυ^ρὶ^	ὡςπυ^ρὶ^χρὴτὰςμυ^σα^ρὰςγυ^ναῖκα^ςἀνθρα^κεύειν	HLLHHLLHLHLHLHH	HHLHHLLHLHLHLHH
ά	θεά_,	ἅ_ςὦθεά_μήποτ'ἐγὼπιμπρα^μένα_ςἴ^δοιμι^	HHLHHLLHHLLHLHL	HHLLHLLHHLLHLHL
φα	χρυ_σολόφα_	ἐφ'οἷσπερὦχρυ_σολόφα_	LHLHHLLH	LHLHHLLL
ρι	κα^μα^τήρι^ος.	οὐδὲγόνα^τ'ἂνκόποςἕλοιμεκα^μα^τήρι^ος	HLLLHLLLHLLLHLL	HLLLLLLLHLLLH-H
ὶ	τουτῳὶ_	ἀλλ'ἐπα^ποδυ^ώμεθ'ὦνδρεςτουτῳὶ_τῷπρά_γμα^τι^	HLLLLHLHLHLHHHLL	HLLLLHLHHHHLH-LL
πά	ἐξεπά_ρωσιν	τὰςθεοῖςἐχθρὰςγυ^ναῖκα^ςἐξεπά_ρωσινδόλῳ	HLHHHLHLHLHHHLH	HLHHHLHLHLLHLLH
κἀ	κἀ_κα^νηφόρουν	κἀ_κα^νηφόρουνποτ'οὖσα^παῖςκα^λὴ'χουσ'ἰσχά^δωνὁρμα^θόν	HLHLHLHLHLHHHLHHLH	LLHLHLHLHLHH-LHHLH
κἀ	κἀ_πι^δώσειν	κἀ_πι^δώσεινμοιδοκεῖτὸχρῆμα^μᾶλλον	HLHHHLHLHLHL	L-HHHLH-HLHH
πι	κἀ_πι^δώσειν	κἀ_πι^δώσεινμοιδοκεῖτὸχρῆμα^μᾶλλον	HLHHHLHLHLHL	L-HHHLH-HLHH
ρι	Λειψύ^δρι^ον	ἀλλ'ἄ^γετελευκόποδεςοἵπερἐπὶ^λειψύ^δρι^ον	HLLLHLLLHLLLHLLL	HLLLHLLLHLLLH--H
κἀ	κἀ_ναπτερῶσαι	νῦνδεῖνῦνἀ^νηβῆσαιπά^λινκἀ_ναπτερῶσαι	HHHLHHHLHHHLHH	HHHLHHHLLLHLHH
κἀ	κἀ_ποσείσασθαι	πᾶντὸσῶμα^κἀ_ποσείσασθαιτὸγῆραςτόδε	HLHLHLHHHLHHLL	HLLLLLH-HLHLLL
σἂ	ἂ^ν	ὡςἂ^νὄζωμενγυ^ναικῶναὐτοδὰξὠργισμένων	HLHHHLHHHLHHHLH	HHHHHLHHHLHH-LH
να	ἵ^να^	νῦνπρὸςἔμ'ἴ^τωτι^ςἵ^να^μήποτεφά^γῃσκόροδα^	HLLLHLLLHLLLHLLL	HLLLHLLHHLLLHLLL
κἀ	Κἀ_γὼ	κἀ_γὼβούλομαιμῦθόντι^ν'ὑ_μῖνἀντι^λέξαιτῷμελα^νί^ωνι^	HHHLHHHLHHHLHHHLLLHL	LHHLHHH-HHH-HHHLLLHL
τι	τι^ν'	κἀ_γὼβούλομαιμῦθόντι^ν'ὑ_μῖνἀντι^λέξαιτῷμελα^νί^ωνι^	HHHLHHHLHHHLHHHLLLHL	LHHLHHH-HHH-HHHLLLHL
τι	ἀντι^λέξαι	κἀ_γὼβούλομαιμῦθόντι^ν'ὑ_μῖνἀντι^λέξαιτῷμελα^νί^ωνι^	HHHLHHHLHHHLHHHLLLHL	LHHLHHH-HHH-HHHLLLHL
δύ	δύ^'	δεῖταιλα^βεῖνμνᾶςἢδύ^'ἢτρεῖςὡςἔσω'στὶνκἄ_χομενβαλλάντι^α^	HHLHHHLHHHLHHHLHHHLL	HHLHHHHHHHLHHLLHLLLL
κἄ	κἄ_χομεν	δεῖταιλα^βεῖνμνᾶςἢδύ^'ἢτρεῖςὡςἔσω'στὶνκἄ_χομενβαλλάντι^α^	HHLHHHLHHHLHHHLHHHLL	HHLHHHHHHHLHHLLHLLLL
τι	Ἑστι^ᾶν	ἑστι^ᾶνδὲμέλλομενξένουςτι^νὰςκα^ρυστί^ουςἄνδραςκα^λούςτεκἀ_γα^θούς	HLHLHLHLHLHLHLHHHLHLHLH	H-HLHLHLHLLL-LHLLLHLLLH
κἀ	κἀ_γα^θούς.	ἑστι^ᾶνδὲμέλλομενξένουςτι^νὰςκα^ρυστί^ουςἄνδραςκα^λούςτεκἀ_γα^θούς	HLHLHLHLHLHLHLHHHLHLHLH	H-HLHLHLHLLL-LHLLLHLLLH
χὶ	οὐχὶ^	καὶμηδὲνοὕτωςεὖσεσημάνθαιτὸμὴοὐχὶ^τοὺςῥύ^πουςἀ^νασπά^σαι	HHLHHHLHHHLHLHLHLHLH	HHLHHHLHHHLHHLHLHL-LH
σἀ	ἀ^νασπά^σαι,	καὶμηδὲνοὕτωςεὖσεσημάνθαιτὸμὴοὐχὶ^τοὺςῥύ^πουςἀ^νασπά^σαι	HHLHHHLHHHLHLHLHLHLH	HHLHHHLHHHLHHLHLHL-LH
πά	ἀ^νασπά^σαι,	καὶμηδὲνοὕτωςεὖσεσημάνθαιτὸμὴοὐχὶ^τοὺςῥύ^πουςἀ^νασπά^σαι	HHLHHHLHHHLHLHLHLHLH	HHLHHHLHHHLHHLHLHL-LH
τἂ	ἂ^ν	χἄττ'ἂ^νἔνδονᾖφορεῖν	HLHLHLH	HHHLHLH
πυ	πυ_ρί^δι^α^	ἔστι^πα^ρ'ἐμοῦλα^βεῖνπυ_ρί^δι^α^λεπτὰ^μέν	HLLLHLHHLLLHLL	HLLLHLHLLLLHLH
νι	χοίνι^κος	ὁδ'ἄρτοςἀ^πὸχοίνι^κοςἰ^δεῖνμά^λα^νεα_νί^ας	LHLLLHLLLHLLLHLH	LHLLLH-LLHLHLHLH
λα	μά^λα^	ὁδ'ἄρτοςἀ^πὸχοίνι^κοςἰ^δεῖνμά^λα^νεα_νί^ας	LHLLLHLLLHLLLHLH	LHLLLH-LLHLHLHLH
μα	Μα_νῆς	καὶκωρύ^κουςὡςλήψεταιπυ_ρούςὁμα_νῆςδ'οὑμὸςαὐτοῖςἐμβα^λεῖ	HHLHHHLHHHLHHHLHHHLH	HHLHHHLHHHLLHHLHHHLH
χύ	αἰσχύ^νην	ἡμῖνδ'ἂ^ναἰσχύ^νηνφέροι	HHLHLHLH	HHLHHHLH
δύ	βρα^δύ_νειν	ὥστ'εἰκὸςἡμᾶςμὴβρα^δύ_νεινἔστ'ἐπα^να^μενούσας	HHLHHHLHHHLLLLHH	HHLHHHLLHHLLLLH-
κι	σκι^ᾶς	ἀλλ'εἶα^δεῦρ'ἐπὶσκι^ᾶςἐλθοῦσα^πρὸςτὸτειχί^ον	HHLHLHLHHHLHLHLL	HHLHLL-HHHLHLHLH
δυ	βρά^δυ_ν'·	καὶμὴβρά^δυ_ν'ὡςτήνδεκαὶδὴτὴνστρα^τηγὸνἡμῶν	HHLHHHLHHHLHLHH	HHLLHHLHHHLHLHH
ρἄ	ἄ_κουσαι	χαὖταιγὰ^ρἄ_κουσαιπά^λαιτὸσχῆμα^τοῦτ'ἔχουσιν	HHLHHHLHHHLHLHH	HHLLHHLHHHLHLHL
δί	Δί^α,	οἰμώζωνἄ^ρα^νὴδί^ασποδήσεις	HHHLLHLHLHH	HHHLLHHHLHH
τἀ	τἀ_πὶ^	οὐγὰρτἀ_πὶ^χα^ριξένηςτά^δ'ἐστίν	HHHLLHLHLHH	HLLLLHLHLHL
θα	δημοκρα^τούμεθα_.	ἔστι^δί^καιονεἰδημοκρα^τούμεθα_	HLLHLHHLLHLH	HLLHLHH-LHLL
ἱ	ἱ_κετεύω,	εἰρημέν'ἐστίνσὺ^δέμοιφίλτα^τονὢἱ_κετεύω	HHLHHLLHHLLHLHH	HHLHLLLHHLLHHLHH
τι	τι^νάσσων	πολύ^καρπονμὲντι^νάσσων	LLHHHLHH	LLLHH--H
κἀ	κἀ_πισκώπτων	κἀ_πισκώπτων	HHHH	L-HH
σἀ	ἀ_ρεῖς	ἀλλ'ἔμβα_χὤπωςἀ_ρεῖς	HHHHHHH	HHHHHLH
ρυ	Θωρυ^κί^ων	κἂνθωρυ^κί^ωνμὴβούληται	HHLLHHHHH	HHHLHHHHH
νι	ταινι^οῦσθαι.	παίσαντα^καὶσκώψαντα^νι_κήσαντα^ταινι^οῦσθαι	HHLHHHLHHHLHLHH	HLLHHHLHHLLH-HH
κἀ	κἀ_π'	κἀ_π'εὐτελείᾳτόδετὸσανδα^λίσκον	HHLHHLLLHLHH	LHLHHLLLHLLH
μυ	μεμυ^ήμεθ'	ὅσοιμεμυ^ήμεθ'εὐσεβῆτεδι^ήγομεν	LHLLHLHLHLLHLH	LHLHHLHLHL-HLH
δι	δι^ήγομεν	ὅσοιμεμυ^ήμεθ'εὐσεβῆτεδι^ήγομεν	LHLLHLHLHLLHLH	LHLHHLHLHL-HLH
ρι	περι^πεπλευκότος,	ταῦτα^μὲνπρὸςἀνδρόςἐστι^νοῦνἔχοντοςκαὶφρέναςκαὶπολλὰ^περι^πεπλευκότος	HLHLHLHLHLHHHLHHHLLLLHLH	HLHLHLHLHLHHHLLHHLL--HLH
ρα	Θηρα_μένους.	δεξι^οῦπρὸςἀνδρόςἐστι^καὶφύ^σειθηρα_μένους	HLHLHLHLHLHHHLH	HLHLHLHLHLHHLLH
μι	Μι^λησί^οις	οὐγὰ^ρἂνγέλοιονἦνεἰξανθί^αςμὲνδοῦλοςὢνἐνστρώμα^σινμι^λησί^οις	HLHLHLHHHLHHHLHHHLHLHLH	HLLLHLHHHLHHHLHHHLL-HLH
νἁ	ἁ^μί^δ',	ἀ^να^τετραμμένοςκυ^νῶνὀρχηστρί^δ'εἶτ'ᾔτησενἁ^μί^δ'ἐγὼδὲπρὸςτοῦτονβλέπων	LLLHLHLHHHLHHHLLLLHLHHHLH	LL-HLHLHHHLHHHLHLLH-HHHLH
πσι	τέρψι^ν	μοῦσα^χορῶνἱ^ερῶνἐπί^βηθι^καὶἔλθ'ἐπὶ^τέρψι^νἀ^οιδᾶςἐμᾶς	HLLHLLHLLHLLHLLHLLHHLH	HLLHLLHLLHLHHLLH-LHHLH
α	Θρῃκί^α_	θρῃκί^α_χελι_δὼν	HLHLHH	HLLLHH
νι	ἀ^ηδόνι^ον	ἐπὶ^βάρβα^ρονἑζομένηπέτα^λοντρύζειδ'ἐπί^κλαυτονἀ^ηδόνι^οννόμονὡςἀ^πολεῖταικἂ_νἴ^σαιγένωνται	LLHLLHLLHLLHHHLLHLLHLLHLLHLLHHHLHLHH	LLLLLHLLHLLHHHL-HLLHL-HLLHLLHHHLHLHH
δι	ἐνδι^α^τρίψει·	χρόνονἐνδι^α^τρίψειἰ^δὼνδὲτά^δ'οὐκεἰρηνι^κὸςἔσθ'ἵ^να^μήποτεκἀ_ποδυ^θῇμεθύ^ωνἄ^νευξύ^λουβα^δίζων	LLHLLHLLHLLHHHLLHLLHLLHLLHLLHLHLHLHH	LLH--LHLHLLHHHLLHLHHLLLLLHLLHLHLHLHH
να	ἵ^να^	χρόνονἐνδι^α^τρίψειἰ^δὼνδὲτά^δ'οὐκεἰρηνι^κὸςἔσθ'ἵ^να^μήποτεκἀ_ποδυ^θῇμεθύ^ωνἄ^νευξύ^λουβα^δίζων	LLHLLHLLHLLHHHLLHLLHLLHLLHLLHLHLHLHH	LLH--LHLHLLHHHLLHLHHLLLLLHLLHLHLHLHH
κἀ	κἀ_ποδυ^θῇ	χρόνονἐνδι^α^τρίψειἰ^δὼνδὲτά^δ'οὐκεἰρηνι^κὸςἔσθ'ἵ^να^μήποτεκἀ_ποδυ^θῇμεθύ^ωνἄ^νευξύ^λουβα^δίζων	LLHLLHLLHLLHHHLLHLLHLLHLLHLLHLHLHLHH	LLH--LHLHLLHHHLLHLHHLLLLLHLLHLHLHLHH
κἂ	ἂ^ν	ἡνί^κ'ἂ^νὀξύ^λα^λόνπερἴ^δῃθήγοντοςὀδόντα^	HLLHLLHLLHHHLLHL	HLHHLLHLLHHHLLHL
νι	πα^ραξόνι^α	σκινδα^λά^μωντεπα^ραξόνι^ασμι_λευμα^τοεργοῦ	HLLHLLHLLHHHLLHH	HLLHLLHL-L-HLLHH
μι	σμι_λευμα^τοεργοῦ	σκινδα^λά^μωντεπα^ραξόνι^ασμι_λευμα^τοεργοῦ	HLLHLLHLLHHHLLHH	HLLHLLHL-L-HLLHH
βά	ἱπποβά_μονα^.	ῥήμα^θ'ἱπποβά_μονα^	HLHLHLL	HHHLLLL
φι	λοφι^ᾶς	φρίξαςδ'αὐτοκόμουλοφι^ᾶςλα^σι^αύχενα^χαίταν	HHHLLHLLHLLHLLHH	LHHLLHL-HL-HLLHH
σι	λα^σι^αύχενα^	φρίξαςδ'αὐτοκόμουλοφι^ᾶςλα^σι^αύχενα^χαίταν	HHHLLHLLHLLHLLHH	LHHLLHL-HL-HLLHH
νι	ἐπισκύ^νι^ον	δεινὸνἐπισκύ^νι^ονξυ^νά^γωνβρυ_χώμενοςἥσει	HLLHLLHLLHHHLLHH	HLLLL-HLLHHHLLHH
φυ	φυ^σήμα^τι^.	γηγενεῖφυ^σήμα^τι^	HLHLHLL	HLHHHLL
δα	γεννά^δα_,	ἀλλ'ὅπωςὦγεννά^δα_	HLHHHLH	HLHHHLL
δύ	ἐπα^ναστρέφειν	ὁδ'ἐπα^ναστρέφεινδύ^νηταικἀ_περείδεσθαιτορῶς	LLLHLHLHHHLHHHLH	LLL-LHHHHLLHHHLH
κἀ	δύ^νηται	ὁδ'ἐπα^ναστρέφεινδύ^νηταικἀ_περείδεσθαιτορῶς	LLLHLHLHHHLHHHLH	LLL-LHHHHLLHHHLH
χἄ	χἄ_τεραι	εἰσβολαὶγά^ρεἰσι^πολλαὶχἄ_τεραισοφισμά^των	HLHLHLHHHLHLHLH	HLHLHLHHLLHLLLH
κἀ	κἀ_ποκινδυ^νεύετον	τά^τεπα^λαιὰ^καὶτὰ^καινά^κἀ_ποκινδυ^νεύετονλεπτόντι^καὶσοφὸνλέγειν	LLLHLHLHLHLHLHLHHHLHLHLH	LLLHLHLHLLLHHHLHHHLHLHLH
δυ	κἀ_ποκινδυ^νεύετον	τά^τεπα^λαιὰ^καὶτὰ^καινά^κἀ_ποκινδυ^νεύετονλεπτόντι^καὶσοφὸνλέγειν	LLLHLHLHLHLHLHLHHHLHLHLH	LLLHLHLHLLLHHHLHHHLHLHLH
σι	δεξι^ά_·	βιβλί^οντ'ἔχωνἕκαστοςμανθά^νειτὰ^δεξι^ά_	HLHLHLHHHLHLHLH	-LHLHL-HLLHLH-L
ά	δεξι^ά_·	βιβλί^οντ'ἔχωνἕκαστοςμανθά^νειτὰ^δεξι^ά_	HLHLHLHHHLHLHLH	-LHLHL-HLLHLH-L
ρα	Πά^ρα^	πά^ρα^δὲπολλοῖσινμα^θεῖν	LLLHHHLH	LHLHHLLH
λι	πα^ρα^λι^πόντα^	τά^τεμέγιστα^πα^ρα^λι^πόντα^	LLLHLLLLHL	LLLLLLL-HL
τι	στι^βά^δα^ς	πράγμα^τά^τεκαὶστι^βά^δα^ςἃ_ςἔλα^χεφορμί^ων	HLLLHLLLHLLLHLH	HLLLH-LHHLLLHLH
δα	στι^βά^δα^ς	πράγμα^τά^τεκαὶστι^βά^δα^ςἃ_ςἔλα^χεφορμί^ων	HLLLHLLLHLLLHLH	HLLLH-LHHLLLHLH
πα	παλίγκοτος	μὴγένῃπαλίγκοτοςἀντιβολοῦσινἡμῖνὥστετήνδεμὴλα^βεῖν	HLHHLHLHLH	HLHLHLLHLLHLHHHLHLHLH
πύ	ἀ^νερπύ^σαι.	δαιμόνι^α^βουλόμενοςεἰςἀ^γρὸνἀ^νερπύ^σαι	HLLLHLLLHLLLHLH	HLLLHLLLH-LLHHH
γι	γεωργικὸν	πᾶσι^νὁπόσοιγεωργικὸνβίονἐτρίβομενμόνηγὰ^ρἡμᾶςὠφέλεις	HLLLHLHHLHHHLH	HLLLHLHLHLL-HLHLHLHHHLH
ρί	ἐτρίβομεν·	πᾶσι^νὁπόσοιγεωργικὸνβίονἐτρίβομενμόνηγὰ^ρἡμᾶςὠφέλεις	HLLLHLHHLHHHLH	HLLLHLHLHLL-HLHLHLHHHLH
κἀ	κἀ_δά^πα^να^	πολλὰ^γὰ^ρἐπάσχομενπρίνποτ'ἐπὶ^σοῦγλυ^κέα^κἀ_δά^πα^να^καὶφί^λα_	HLLLHLHHLLLHLLLHLLLHLH	HLLL-LHLLLLHLLLLLLLHLH
λι	ἀμπέλι^α^	ὥστεσὲτά^τ'ἀμπέλι^α^καὶτὰ^νέα^συ_κί^δι^α^τἄλλα^θ'ὁπόσ'ἐστὶ^φυ^τὰ^προσγελά^σεταιλα^βόντ'ἄσμενα^	HLLLHLLLHLLLHLLLHLLLHLLLHLLLHLHHLL	HLLLHL-LHLLHHL-LHLLLHLLLHLLLHLH-LL
α	νέα^	ὥστεσὲτά^τ'ἀμπέλι^α^καὶτὰ^νέα^συ_κί^δι^α^τἄλλα^θ'ὁπόσ'ἐστὶ^φυ^τὰ^προσγελά^σεταιλα^βόντ'ἄσμενα^	HLLLHLLLHLLLHLLLHLLLHLLLHLLLHLHHLL	HLLLHL-LHLLHHL-LHLLLHLLLHLLLHLH-LL
δι	συ_κί^δι^α^	ὥστεσὲτά^τ'ἀμπέλι^α^καὶτὰ^νέα^συ_κί^δι^α^τἄλλα^θ'ὁπόσ'ἐστὶ^φυ^τὰ^προσγελά^σεταιλα^βόντ'ἄσμενα^	HLLLHLLLHLLLHLLLHLLLHLLLHLLLHLHHLL	HLLLHL-LHLLHHL-LHLLLHLLLHLLLHLH-LL
κἀ	κἀ_πεμπίπτω	κἀ_πεμπίπτωκαὶσπουδάζω	HHHHHHHH	LHHHHHHH
τι	ἀντι^βολῇ	ἀντι^βολῇμετὰ^τῶνπαίδωνχορεῦσαιμήθ'ὑ^πά^κουεμήτ'ἔλθῃςσυ^νέρι_θοςαὐτοῖςἀλλὰ^νόμιζεπάντας	HLLHLLHHHLHHHLLHLHHHLLHLHHHLLHLHL	H-LHLLHHHLHHHLLHLHHHLLHLHHHLLHLLL
να	να_νοφυ^εῖς,	να_νοφυ^εῖςσφυ^ρά^δωνἀ^ποκνήσμα^τα^μηχα^νοδί_φας	HLLHLLHLLHLLHLLHH	LLLHHLHL-HLLHLLLH
σφυ	σφυ^ρά^δων	να_νοφυ^εῖςσφυ^ρά^δωνἀ^ποκνήσμα^τα^μηχα^νοδί_φας	HLLHLLHLLHLLHLLHH	LLLHHLHL-HLLHLLLH
δί	μηχα^νοδί_φας.	να_νοφυ^εῖςσφυ^ρά^δωνἀ^ποκνήσμα^τα^μηχα^νοδί_φας	HLLHLLHLLHLLHLLHH	LLLHHLHL-HLLHLLLH
δα	δα_μώμα^τα^	τοιά^δεχρὴχα^ρί^τωνδα_μώμα^τα^καλλι^κόμων	HLLHLLHHHLLHLLH	HH-HLLHLHLLH-LH
λι	καλλι^κόμων	τοιά^δεχρὴχα^ρί^τωνδα_μώμα^τα^καλλι^κόμων	HLLHLLHHHLLHLLH	HH-HLLHLHLLH-LH
ρύ	γηρύ_σαντος	πικροτά^τηνὄπα^γηρύ_σαντοςἤκουσ'ἡνί^κα^τῶντρα^γῳδῶντὸνχορὸνεἶχονἁ_δελφόςτεκαὶαὐτόςἄμφω	HLLHLLHHHLHHHLLHLHHHLLHLHHHLLHLHH	-LLHLLHLHLHHHLLHLHHHLLHLHHHLHHLHH
τι	βα^τι^δοσκόποι	γοργόνεςὀψοφά^γοιβα^τι^δοσκόποιἅρπυιαι	HLLHLLHLLHLLHHH	HLLHLLHL-HLHHHH
γρα	γρα_οσόβαι	γρα_οσόβαιμι^α^ροίτρα^γομάσχα^λοιἰχθυ^ολῦμαι	HLLHLLHLLHLLHLLHH	LLLHLLHLL-LHHLLHH
ὰ	θεὰ_	μοῦσα^θεὰ_μετ'ἐμοῦξύμπαιζετὴνἑορτήν	HLLHLLHHHLHLHH	HLLLLLHHHLHLHH
νι	Εὐδαιμονι^κῶς	εὐδαιμονι^κῶςγ'ὁπρεσβύ_τηςὅσα^γ'ὧδ'ἰ^δεῖντὰ^νῦντά^δεπράττει	HHLLHLHHHLLHLHLHLLHH	HHL-H-HLHLLHLHLHL-HH
βύ	πρεσβύ_της,	εὐδαιμονι^κῶςγ'ὁπρεσβύ_τηςὅσα^γ'ὧδ'ἰ^δεῖντὰ^νῦντά^δεπράττει	HHLLHLHHHLLHLHLHLLHH	HHL-H-HLHLLHLHLHL-HH
τα	ὄντα_;	τί^δῆτ'ἐπειδὰννυμφί^ονμ'ὁρᾶτελαμπρὸνὄντα_	LHLHHHLHLHLHLHH	LHLHLHLHLHLHLHL
κι	κι^νεῖν	ἅ^παντα^ςὄντα^ςἀσφα^λῶςκι^νεῖντεκαὶκα^θεύδειν	LHLHLHLHLHLHLHH	LLLHLLLHHHLHLHH
μι	εἰμι_.	ὅταντρυ^γᾶτ'εἴσεσθεπολλῷμᾶλλονοἷόςεἰμι_	LHLHHHLHHHLHLHH	LLLHHHLHHHLHLHL
τρυ	Τρυ^γαῖος	πολλῶνγὰ^ρὑ_μῖνἄ_ξι^οςτρυ^γαῖοςἁθμονεὺςἐγώ	HHLHHHLHLHLHLHLH	HHLHHLLHHHL-LHLH
νυ	νυ_ν	ἄγ'ἐπείγετένυ_νἐνὅσῳσοβα^ρὰ_	LLHLLHLLHLLH	LLHLLLLLHLLL
ρὰ	σοβα^ρὰ_	ἄγ'ἐπείγετένυ_νἐνὅσῳσοβα^ρὰ_	LLHLLHLLHLLH	LLHLLLLLHLLL
βι	μετα^βι^βάζει.	εἰςἀ^γα^θὰ^μετα^βι^βάζει	HLLLLLLHH	HLLLLL-LH
ρὶ	δευρὶ_	σχίζαςδευρὶ_τι^θέναιτα^χέως	HHHHLLHLLH	LHHLLLHLLH
σα	σχίζα^	ἡσχίζα^γοῦνἐνημμένητὸνστιλβί^δηνπι^έζει	HHLHLHLHHHLHLHH	HLHHLHLHHHLHLHH
φι	φι^ληδῶ	οὐγὰρφι^ληδῶμά^χαις	HHLHHLH	HL-HHLH
τἂ	ἂ^ν	ἐκκέαςτῶνξύ^λωνἅττ'ἂ^νᾖδα_νότα^τα^τοῦθέρους	HLHHLHHLHHLLLHLH	HL-HLHHHHLLLLHLH
δα	δα_νότα^τα^	ἐκκέαςτῶνξύ^λωνἅττ'ἂ^νᾖδα_νότα^τα^τοῦθέρους	HLHHLHHLHHLLLHLH	HL-HLHHHHLLLLHLH
να	ἐκπεπρεμνισμένα_	ἐκπεπρεμνισμένα_	HLHHLH	H-H-LL
χἄ	χἄ_μα^	χἄ_μα^τὴνθρᾷττανκυ^νῶν	HLHHHLH	LHHHHLH
μα	χἄ_μα^	χἄ_μα^τὴνθρᾷττανκυ^νῶν	HLHHHLH	LHHHHLH
κἀ	κἀ_πέχω	ἐσθί^ωκἀ_πέχω	HLHHLH	HLHLLH
χἄ	χἄ_μα^	χἄ_μα^φήμ'ὧραιφί^λαικαὶτοῦθύ^μουτρί^βωνκυ^κῶμαι	HLHHHLHHHLHLHLHH	LHHHHLHHHLHHHLHH
μα	χἄ_μα^	χἄ_μα^φήμ'ὧραιφί^λαικαὶτοῦθύ^μουτρί^βωνκυ^κῶμαι	HLHHHLHHHLHLHLHH	LHHHHLHHHLHHHLHH
ρί	τρί^βων	χἄ_μα^φήμ'ὧραιφί^λαικαὶτοῦθύ^μουτρί^βωνκυ^κῶμαι	HLHHHLHHHLHLHLHH	LHHHHLHHHLHHHLHH
ρι	δι^καστήρι^',	καὶτέληκαὶγρα^φαὶκαὶδι^καστήρι^'ὦβορβοροτά^ραξι^καὶτὴνπόλι^νἅ^πα_σα^νἡμῶνἀ^να^τετυρβα^κώς	HLHHLHHLHHLHHLLLHLHHLLLHLHHLLLHLH	HLHHLHHL-HHHHLLLHLHHLLLHLHHLLLHLH
κἀ	κἀ_πὸ	κἀ_πὸτῶνπετρῶνἄ^νωθεντοὺςφόρουςθυννοσκοπῶν	HLHLHLHHHLHHHLH	LLH-HLHHHLHHHLH
πι	ἔπι^θι^	καὶτὸπρᾶγμ'ἦνἄ^ρ'οὐφαῦλονὧδ'uἄλλ'ἔπι^θι^καὶστρόβειμηδὲνὀλί^γονπόεινῦνγὰ^ρἔχεταιμέσος	HLHHLHHLHHLHHLLLHLHHLLLHLHHLLLHLH	H-HHLHHLHHLLLHLHHLLLHLHHLLLHLH
θι	ἔπι^θι^	καὶτὸπρᾶγμ'ἦνἄ^ρ'οὐφαῦλονὧδ'uἄλλ'ἔπι^θι^καὶστρόβειμηδὲνὀλί^γονπόεινῦνγὰ^ρἔχεταιμέσος	HLHHLHHLHHLHHLLLHLHHLLLHLHHLLLHLH	H-HHLHHLHHLLLHLHHLLLHLHHLLLHLH
τί	Κρα^τί_νου	εἴσεμὴμι_σῶγενοίμηνἐνκρα^τί_νουκῴδι^ον	HLHHHLHHHLHHHLH	HLHHHLHHHLLHH-H
δι	κῴδι^ον	εἴσεμὴμι_σῶγενοίμηνἐνκρα^τί_νουκῴδι^ον	HLHHHLHHHLHHHLH	HLHHHLHHHLLHH-H
δί	τρα^γῳδί^ᾳ.	καὶδι^δασκοίμηνπροσᾴδεινμορσί^μουτρα^γῳδί^ᾳ	HLHHHLHHHLHLHLH	HLLHHLHHHLHLHHH
πί	πυ_ροπί_πην,	τὸνοὐλί^ουτ'ἂ^νοἴομαιγέροντα^πυ_ροπί_πην	LHLHLHLHLHLHLHH	LHLHLHLHLHLLLLH
πρυ	λαμπρυ_νομένων	μειρα^κί^ωνθ'ἅ^μιλλα^λαμπρυ_νομένωνἐνἅρμα^σιν	HLLHLHLHHLLHLHLH	HLLHLHLHLLLHLLLL
νι	Σουνι^ά^ρα_τε,	δεῦρ'ἔλθ'εἰςχορόνὦχρυ_σοτρί^αιν'ὦδελφί_νωνμεδέωνσουνι^ά^ρα_τε	HHHLLHHLLHHHHHLLHHLLHL	HHHLLHH-LHHHHHLLHH-HLL
ά	Σουνι^ά^ρα_τε,	δεῦρ'ἔλθ'εἰςχορόνὦχρυ_σοτρί^αιν'ὦδελφί_νωνμεδέωνσουνι^ά^ρα_τε	HHHLLHHLLHHHHHLLHHLLHL	HHHLLHH-LHHHHHLLHH-HLL
ρα	Σουνι^ά^ρα_τε,	δεῦρ'ἔλθ'εἰςχορόνὦχρυ_σοτρί^αιν'ὦδελφί_νωνμεδέωνσουνι^ά^ρα_τε	HHHLLHHLLHHHHHLLHHLLHL	HHHLLHH-LHHHHHLLHH-HLL
λι	πολι^οῦχε	ὦπολι^οῦχεπαλλά^ςὦτῆςἱ^ερωτά^τηςἁ^πα_σῶνπολέμῳτεκαὶποηταῖςδυ^νά^μειθ'ὑ^περφερούσηςμεδέουσα^χώρας	HLLHLHLHHLLHLHLHHLLHLHLHHLLHLHLHHLLHLHH	HL-HLHHHHLLHLHLHHLLHLHLHHLLHLHLHHLLHLHH
λά	Παλλά^ς,	ὦπολι^οῦχεπαλλά^ςὦτῆςἱ^ερωτά^τηςἁ^πα_σῶνπολέμῳτεκαὶποηταῖςδυ^νά^μειθ'ὑ^περφερούσηςμεδέουσα^χώρας	HLLHLHLHHLLHLHLHHLLHLHLHHLLHLHLHHLLHLHH	HL-HLHHHHLLHLHLHHLLHLHLHHLLHLHLHHLLHLHH
πά	πά_σῃ	νῦνοὖνδεῦροφά^νηθι^δεῖγὰρτοῖςἀνδρά^σι^τοῖσδεπά_σῃτέχνῃπορί^σαισενί_κηνεἴπερποτὲκαὶνῦν	HHHLLHLHHHHLLHLHHHHLLHLHHHHLLHH	HHHLLHLHLHLLLHLLH-HLLHLHHHHLLHH
νι	ἀ^γωνι^εῖ	ἀλλ'ὅπωςἀ^γωνι^εῖφρόντιζετἀ_πί^λοιπ'ἄ^ριστα^συμμά^χουςδ'ἡμᾶςἔχωνεὔνουςἐπίστα^σαιπά^λαι	HLHLHLHHHLHLHLHLHLHHHLHHHLHLHLH	HLHLH-HHHLLLHLHLLLHHHLHHHL-LHLH
τἀ	τἀ_πί^λοιπ'	ἀλλ'ὅπωςἀ^γωνι^εῖφρόντιζετἀ_πί^λοιπ'ἄ^ριστα^συμμά^χουςδ'ἡμᾶςἔχωνεὔνουςἐπίστα^σαιπά^λαι	HLHLHLHHHLHLHLHLHLHHHLHHHLHLHLH	HLHLH-HHHLLLHLHLLLHHHLHHHL-LHLH
κά	κά^λων	νῦνδήσεπάντα^δεῖκά^λωνἐξι_έναισεαυτοῦ	HHLHLHLHHHLHLHH	HHLLLHHHHHLHLHH
ρι	θούρι^ον	καὶλῆμα^θούρι^ονφορεῖνκαὶλόγουςἀ^φύκτους	HHLHLHLHHLHLHH	HHLH-HLHHLHLLH
δρα	ἄνδρα_.	πρὸςταῦθ'ὅπωςἔξειπολὺςκαὶλαμπρὸςεἰςτὸνἄνδρα_	HHLHLHLHHHLHLHH	HHLHHHLLHHLHLHL
ρύ	τορύ_νη.	ὡςεἰμὴ'γένεθ'οὗτοςἐντῇπόλειμέγα^ςοὐκἂ^νἤστηνσκεύειδύ^οχρησί^μωδοῖδυξοὐδὲτορύ_νη	HHHLLHLHHLHLLHLHHHHLLHLHHHHLLHH	HHHLLHLHHLHLLHLHHHHL-HLHHHHLLLH
δί	δεδί^α_σί^	ἀρχήνὅτεπάντεςἄνθρωποιδεδί^α_σί^σ'ὥσπερἄνδρα^τύ^ραννον	HHLLHLHHHLLHLHLHLLHL	HHLLHLHHHLHHLHLHLLLH
σἂ	ἂ^ν	τούτωνὃςἂ^νᾖπα^χύς	HHLLHLH	HHLHHLL
κἄ	κἄ_μ'	αὐτοὺςπερι^έρχομαιτοὺςοἰομένουςφρονεῖνκἄ_μ'ἐξα^πα^τύλλειν	HHLLHLHHHLLHLHHHLLHH	HHLLHLHHHLLHLHLHLLLH
λυ	Λυ_σίστρα^τον,	μηδὲνεἰςλυ_σίστρα^τον	HLHHHLH	HLHL-LH
τι	ἀ^νέστι^ον	μηδὲθούμαντιντὸνἀ^νέστι^οναὖ	HLHHHLLHLLH	HLHHLLLH-LH
πυ	Πυ_θῶνι^	πυ_θῶνι^δί_ᾳμὴκα^κῶςπένεσθαι	HHLHHHLHLHH	LHLHHHLHLHH
γά	γάρ	φα_σὶ^μὲνγάραὐτὸνἐρεπτόμενον	HLHHHLLHLLH	HLHLHLLHLLH
ρύ	βα^ρύ_νεται,	καὶπα^λαιῷλακρα^τείδῃτὸσκέλοςβα^ρύ_νεται	HLHHHLHHHLHLHLH	HLHH-LHHHLHLLLH
δι	Δι_ωκτέος	οἴχεταιδι_ωκτέοςδέμὴγὰ^ρἐγχά^νοιποτὲ	HLHHHLHLHLHLHLL	HLHLHLHLHLHLHLL
να	ἵ^να^	κοὐκἀ^νήσωπρὶ^νἂνσχοῖνοςαὐτοῖσι^νἀντεμπα^γῶκαὶσκόλοψὀξύ^ςὀδυ^νηρόςἐπί^κωποςἵ^να^μήποτεπα^τῶσι^νἔτι^τὰ_ςἐμὰ_ςἀμπέλους	HLHHLHHLHHLHHLHHLHHLLLHLLLHLLLHLLLHLLLHLHHLH	HLHHLHHLHHLHHLHHLHHLLLHLLLHLLHHLLLHLLLHLHHLH
τὶ	τουτὶ_	ἡρά^κλειςτουτὶ_τί^ἐστι^τὴνχύ^τρανσυντρίψετε	HLHHHLHLHLHHHLL	H-HHLLHLH-HHHLL
μι	μι^α^ρὰ_	σὲμὲνοὖνκα^τα^λεύσομενὦμι^α^ρὰ_κεφα^λή	LLHLLHLLHLLHLLH	LLHLLHLLH-LLLLH
ρὰ	μι^α^ρὰ_	σὲμὲνοὖνκα^τα^λεύσομενὦμι^α^ρὰ_κεφα^λή	LLHLLHLLHLLHLLH	LLHLLHLLH-LLLLH
σα	ἠκούσα^τ';	ἀντὶ^δ'ὧνἐσπεισά^μηνἠκούσα^τ'ἀλλ'ἀ^κούσα^τε	HLHHHLHHHLHLHLL	HLHHHLHHHHHLHLL
φι	φι^λανθρα^κέα_;	ἀ^πολεῖςἄ^ρ'ὁμήλι^κα^τόνδεφι^λανθρα^κέα_	LLHLLHLLHLLHLLH	LLHLLHLLHL-HLLL
α	φι^λανθρα^κέα_;	ἀ^πολεῖςἄ^ρ'ὁμήλι^κα^τόνδεφι^λανθρα^κέα_	LLHLLHLLHLLHLLH	LLHLLHLLHL-HLLL
ί	Οὑτοιί_	οὑτοιί_σοιχα^μαίκαὶσὺ^κα^τά^θουπά^λιντὸξί^φος	HLHHLHHLLLHLHHLH	HHLHLHHLLLHLLHLH
νἁ	ἁ_γὼν	ὡςσκῆψι^νἁ_γὼνοὗτοςοὐκεἰσδέξεται	HHLHHHLHHHLH	HHLLHHLHHHLH
ρὰ	φλεγυ^ρὰ_	δεῦρομοῦσ'ἐλθὲφλεγυ^ρὰ_πυ^ρὸςἔχουσα^μένος	HLHHLLLHLLLHLLL	HLHH-LLLHLLHLLH
πυ	πυ^ρὸς	δεῦρομοῦσ'ἐλθὲφλεγυ^ρὰ_πυ^ρὸςἔχουσα^μένος	HLHHLLLHLLLHLLL	HLHH-LLLHLLHLLH
λα	ἀ^νήλα^τ'	οἷονἐξἀνθρά^κωνπρι_νί^νωνφέψα^λοςἀ^νήλα^τ'ἐρεθιζόμενοςοὐρί^ᾳῥι_πί^δι^	HLHHLHHLHHLLLHLLLHLLLHLHHLL	HLHHLHHLHHLLLHHLLHLLLHLH-LL
ρι	ῥι_πί^δι^,	οἷονἐξἀνθρά^κωνπρι_νί^νωνφέψα^λοςἀ^νήλα^τ'ἐρεθιζόμενοςοὐρί^ᾳῥι_πί^δι^	HLHHLHHLHHLLLHLLLHLLLHLHHLL	HLHHLHHLHHLLLHHLLHLLLHLH-LL
κἂ	ἂ^ν	ἡνί^κ'ἂ^νἐπανθρα^κί^δεςὦσι^πα^ρα^κείμεναι	HLLLHLLLHLLLHLH	HLHLHLLLHLLLHLH
α	Θα^σί^αν	οἱδὲθα^σί^ανἀ^να^κυ^κῶσι^λι^πα^ράμπυ^κα^	HLLLHLLLHLLLHLL	HLLLLLLLHL-LHLL
λι	λι^πα^ράμπυ^κα^,	οἱδὲθα^σί^ανἀ^να^κυ^κῶσι^λι^πα^ράμπυ^κα^	HLLLHLLLHLLLHLL	HLLLLLLLHL-LHLL
τἀ	τἀ_γορᾷ	οὐδ'ἐντυ^χὼνἐντἀ_γορᾷπρόσεισί^σοιβα^δίζων	HHLHHHLHLHLHLHH	HHLHHLLHLHLHLHH
ρι	τρι^ά_κονθ'	πλεῖνἢτρι^ά_κονθ'ἡμέραςτοῦμηνὸςἑκάστου	HHLHHHLHHHLLHH	HH-LHHLHHHLL-H
ά	τρι^ά_κονθ'	πλεῖνἢτρι^ά_κονθ'ἡμέραςτοῦμηνὸςἑκάστου	HHLHHHLHHHLLHH	HH-LHHLHHHLL-H
θύ	ὑ^πευθύ_νους	κρα_τὴρκα^κῶντριπτὴρδι^κῶνφαίνεινὑ^πευθύ_νουςλυ^χνοῦχοςκαὶκύ^λιξτὰ^πρά_γμα^τ'ἐγκυ^κᾶσθαι	HHLHHHLHHHLHHHLHHHLHLHLHLHH	HHLHHHLHHHLHLH-HHHLHL-LHLHH
τα	κα^τα_γείη	ἰσχυ_ρόνἐστι^νὦγά^θ'ὥστ'οὐκἂνκα^τα_γείηποτ'εἴπερἐκποδῶνκα^τωκά^ρα_κρέμαιτο	HHLHLHLHHHLHHHLHLHLHLHLHLHL	-HLHLHLHHLLLHHLHLHLHLHL-LHL
γά	ἠργά^σα^το	ἠργά^σα^τοπάντα^κα^κά^κἀ_νέτρεπεκἀξέχει	HLLLHLLLHLLLHLH	HHLLLLLLL-LLHLH
κἀ	κἀ_νέτρεπε	ἠργά^σα^τοπάντα^κα^κά^κἀ_νέτρεπεκἀξέχει	HLLLHLLLHLLLHLH	HHLLLLLLL-LLHLH
κἀ	κἀ_μά^χετο	κἀ_μά^χετοκαὶπροσέτι^πολλὰ^προκα^λουμένου	HLLLHLLLHLLLHLH	LLLLHLLLHLLLHLH
λα	μεγά^λα^	ἐπτέρωταίτ'ἐπὶ^τὸδεῖπνονἅ^μα^καὶμεγά^λα^δὴφρονεῖ	HLHHLLLHLLLHLLLHLH	HLHHLLLHLLLHLLHHLH
τι	γερόντι^ον	ἢπά^νυ^γερόντι^ονἴ^σωςνενόμι^κάςμεσύ^	HLLLHLLLHLLLHLL	HLLLH-LHHLLLLLL
νἴ	ἴ^σως	ἢπά^νυ^γερόντι^ονἴ^σωςνενόμι^κάςμεσύ^	HLLLHLLLHLLLHLL	HLLLH-LHHLLLLLL
α	νέα^	εἶτα^πα^ρὰ^τόνδενέα^μοσχί^δι^α^συκί^δων	HLLLHLLLHLLLHLH	HLLLHLLHHL-LHLH
δι	μοσχί^δι^α^	εἶτα^πα^ρὰ^τόνδενέα^μοσχί^δι^α^συκί^δων	HLLLHLLLHLLLHLH	HLLLHLLHHL-LHLH
δί	ὁδί_,	καὶτὸτρί^τονἡμερί^δοςὄσχονὁγέρωνὁδί_	HLLLHLLLHLLLHLH	H-LLHLLLHLLLHLL
τι	δειπνητι^κῶς	ἤκουσα^ςὡςμα^γειρι^κῶςκομψῶςτεκαὶδειπνητι^κῶςαὑτῷδι^α_κονεῖται	HHLHLHLHHHLHHHLHHHLHLHH	HHLHLHLHHHLHHH-HHH-LLHH
δι	δι^α_κονεῖται;	ἤκουσα^ςὡςμα^γειρι^κῶςκομψῶςτεκαὶδειπνητι^κῶςαὑτῷδι^α_κονεῖται	HHLHLHLHHHLHHHLHHHLHLHH	HHLHLHLHHHLHHH-HHH-LLHH
α	δι^α_κονεῖται;	ἤκουσα^ςὡςμα^γειρι^κῶςκομψῶςτεκαὶδειπνητι^κῶςαὑτῷδι^α_κονεῖται	HHLHLHLHHHLHHHLHHHLHLHH	HHLHLHLHHHLHHH-HHH-LLHH
λι	λι^μῷ	ἀ^ποκτενεῖςλι^μῷ'μὲκαὶτοὺςγείτοναςκνί_σῃτεκαὶφωνῇτοιαῦτα^λάσκων	LHLHLHLHHHLHHHLHHHLHLHH	LHLHHHLHHHLLLHLHHHHHL-H
κνί	κνί_σῃ	ἀ^ποκτενεῖςλι^μῷ'μὲκαὶτοὺςγείτοναςκνί_σῃτεκαὶφωνῇτοιαῦτα^λάσκων	LHLHLHLHHHLHHHLHHHLHLHH	LHLHHHLHHHLLLHLHHHHHL-H
α	ξυγγρα^φέα_,	ἀντί^μα^χοντὸνψα^κά^δοςξυγγρα^φέα_τὸνμελέωνποιητήν	HLLHHLLHHLLHHLLHLHH	HLLHHLLHHLLLHLLHHHH
σι	ἀ^νόσι^ά^	προδεδόμεθ'ἀ^νόσι^ά^τ'ἐπά^θομεν	LLLLLLLLLLLL	LLLLLL-LLLLH
ἰ	ἰ^ώ·	ἰ^ὼἰ^ώ	LHLH	HHHH
πι	ἔπι^θ'	ἔπα^γ'ἔπι^θ'ἐπί^φερεπολέμι^ον	LLLLLLLLLLLL	LLL-LLLLLLLH
πα	Πα_νὶ^	πα_νὶ^νόμουςἱ^εροὺςἀ^να^φαίνω	HLLHLLHLLHH	LLLHLLHLLHH
μα	χορεύμα^τ'	σεμνά^τεμητρὶ^χορεύμα^τ'ὀρείᾳ	HLLHLLHLLHH	HLLHLLHHLHH
μι	συμμι^γῆ	συμμι^γῆβοὴνὁμοῦπτεροῖσι^κρέκοντεςἴ^ακχονἀ^πόλλω	HLHLHLHLHLLHLLHLLHH	L-HLHLHLHLLHLLHLLHH
ρι	αἰθέρι^ον	δι^ὰ^δ'αἰθέρι^οννέφοςἦλθεβοά_	LLHLLHLLHLLH	LLHL-HLLHLLL
ά	βοά_·	δι^ὰ^δ'αἰθέρι^οννέφοςἦλθεβοά_	LLHLLHLLHLLH	LLHL-HLLHLLL
λα	ποικί^λα^	πτῆξεδὲφῦλά^τεποικί^λα^θηρῶν	HLLHLLHLLHH	HLLHLLHLHHH
δι	προσόδι^α^	προσόδι^α^μεγά^λα^σεμνὰ^προσι^έναιθεοῖσι^νἅ^μα^δὲπροσέτι^χά^ρι^τοςἕνεκα^προβά^τι^όντι^θύ_ειν	LLLLLLLHLLLLHLHLLLLLLLLLLLLLLLLHLHH	LL-LLLHHLLLLHLHLLL-LLLLLLLLLLL-HLHH
λα	μεγά^λα^	προσόδι^α^μεγά^λα^σεμνὰ^προσι^έναιθεοῖσι^νἅ^μα^δὲπροσέτι^χά^ρι^τοςἕνεκα^προβά^τι^όντι^θύ_ειν	LLLLLLLHLLLLHLHLLLLLLLLLLLLLLLLHLHH	LL-LLLHHLLLLHLHLLL-LLLLLLLLLLL-HLHH
τι	προβά^τι^όν	προσόδι^α^μεγά^λα^σεμνὰ^προσι^έναιθεοῖσι^νἅ^μα^δὲπροσέτι^χά^ρι^τοςἕνεκα^προβά^τι^όντι^θύ_ειν	LLLLLLLHLLLLHLHLLLLLLLLLLLLLLLLHLHH	LL-LLLHHLLLLHLHLLL-LLLLLLLLLLL-HLHH
πυ	Πυ_θι^ὰς	ἴ^τωἴ^τωἴ^τωδὲπυ_θι^ὰςβοά_συ^ναυλείτωδὲχαῖρι^ςᾠδᾷ	LHLHLHLHLHLHLHHHLHLHH	LHLHLHLL-HLLLHHHLHLHH
θι	Πυ_θι^ὰς	ἴ^τωἴ^τωἴ^τωδὲπυ_θι^ὰςβοά_συ^ναυλείτωδὲχαῖρι^ςᾠδᾷ	LHLHLHLHLHLHLHHHLHLHH	LHLHLHLL-HLLLHHHLHLHH
ά	βοά_,	ἴ^τωἴ^τωἴ^τωδὲπυ_θι^ὰςβοά_συ^ναυλείτωδὲχαῖρι^ςᾠδᾷ	LHLHLHLHLHLHLHHHLHLHH	LHLHLHLL-HLLLHHHLHLHH
τἄ	τἄ_ρα^	εἶτ'αὖθι^ςαὖτἄ_ρα^σοι	HHLHHLH	HHLHLLH
θύ	θύ_μα^τ'	τὰ^γὰρπα^ρόντα^θύ_μα^τ'οὐδὲνἄλλοπλὴνγένειόντ'ἐστὶ^καὶκέρα_τα^	LHLHLHLHLHLHLHHHLHLHL	LLLHLLLHLH-HLHHHLHLLL
ρα	κέρα_τα^.	τὰ^γὰρπα^ρόντα^θύ_μα^τ'οὐδὲνἄλλοπλὴνγένειόντ'ἐστὶ^καὶκέρα_τα^	LHLHLHLHLHLHLHHHLHLHL	LLLHLLLHLH-HLHHHLHLLL
λά	λά^θῃ	μήσελά^θῃθεῶντιςταύτῃπερῶν	HLLHLHHHHLH	HLHHLHLHHLH
ά	πολυ^ά_νορα^	τά^χα^δὴπολυ^ά_νορα^τάνδεπόλιν	LLHLLHLLHLLH	LLHLLLLLHLLL
δί	ὡδί_.	τύπτωνγετοῦτονὡδί_	HHLHLHH	HHLHLHL
μα	Μα_νῆς	μα_νῆςγά^ρἐστι^δειλός	HHLHLHH	LHLHLHH
τι	μαντι^κὰ^	τά^τεμουσί^χ'ὁμοῦτά^τεμαντι^κὰ^καὶτὰ^θα^λάττι^'ἔπειτα^δ'ὅπωςφρονί^μως	LLHLLHLLHLLHLLHLLHLLHLLH	LLHLLHLLH-LHLLLLLHLLHLLH
μα	πράγμα^τ'	πολλὰ^δὴκαὶκαινὰ^καὶθαυμάστ'ἐπεπτόμεσθα^καὶδεινὰ^πράγμα^τ'εἴδομεν	HLHHHLHHHLHLHLHHLHLHLH	HLHHHLHH-LHLHLHHL-HHLH
σἀ	ἀ_εὶ	τοῦτοτοῦμὲνἦροςἀ_εὶ	HLHLHLHH	HLHLHLLH
να	ξυ^να_ριστῶσι^	ἔνθα^τοῖςἥρωσι^νἄνθρωποιξυ^να_ριστῶσι^καὶξύ^νεισι^πλὴντῆςἑσπέρας	HLHHHLHHHLHHHLHLHLHHHLH	HLHHHLHHHLL-HLHLHLHHHLH
τἀ	τἀ_πὶ^	γυμνὸςἦνπληγεὶςὑ^π'αὐτοῦπάντα^τἀ_πὶ^δεξι^ά_	HLHHHLHHHLHLHLH	HLHHHLHHLLLLH-L
σι	δεξι^ά_.	γυμνὸςἦνπληγεὶςὑ^π'αὐτοῦπάντα^τἀ_πὶ^δεξι^ά_	HLHHHLHHHLHLHLH	HLHHHLHHLLLLH-L
ά	δεξι^ά_.	γυμνὸςἦνπληγεὶςὑ^π'αὐτοῦπάντα^τἀ_πὶ^δεξι^ά_	HLHHHLHHHLHLHLH	HLHHHLHHLLLLH-L
σκι	Σκι^ά_ποσιν	πρὸςδὲτοῖςσκι^ά_ποσινλίμνητι^ςἔστ'ἄ^λουτοςοὗψυ_χα^γωγεῖσωκρά^της	HLHLHLHHHLHLHLHHLHHHLH	HLH-LLLHHLHLHLHHLHHHLH
ά	Σκι^ά_ποσιν	πρὸςδὲτοῖςσκι^ά_ποσινλίμνητι^ςἔστ'ἄ^λουτοςοὗψυ_χα^γωγεῖσωκρά^της	HLHLHLHHHLHLHLHHLHHHLH	HLH-LLLHHLHLHLHHLHHHLH
λι	προὔλι^πε,	ἔνθα^καὶπείσανδροςἦλθεδεόμενοςψυ_χὴνἰ^δεῖνἣζῶντ'ἐκεῖνονπροὔλι^πε	HLHHHLHLLLLHHHLHHHLHHHLH	HLHHHLHLLLLHHHLHHHLHHH-L
ρυ	τρυ_γῶσι^	οἳθερίζουσίντεκαὶσπείρουσι^καὶτρυ_γῶσι^ταῖςγλώτταισι^συ_κά^ζουσί^τε	HLHHHLHHHLHHHLHHHLHLHLL	HLHHLLHHHLHLHLHHHLLHHLL
συ	συ_κά^ζουσί^	οἳθερίζουσίντεκαὶσπείρουσι^καὶτρυ_γῶσι^ταῖςγλώτταισι^συ_κά^ζουσί^τε	HLHHHLHHHLHHHLHHHLHLHLL	HLHHLLHHHLHLHLHHHLLHHLL
κἀ	Φί^λιπποι.	βάρβα^ροιδ'εἰσὶνγένουςγοργί^αιτεκαὶφί^λιπποικἀ_πὸτῶνἐγγλωττογαστόρωνἐκείνωντῶνφι^λίππων	HLHHHLHHLHLHLHHHLHHHLHLHLHHHLHH	LLHHLLHHLHLHLHHLLHHHL-LHLHHH-HH
τι	Ἀττι^κῆς	παντα^χοῦτῆςἀττι^κῆςἡγλῶττα^χωρὶςτέμνεται	HLHHHLHHHLHHHLH	HLHHH-HHHLHLHLH
μι	ξυ^νεκοίμι^σαν	μοῖραιξυ^νεκοίμι^σαν	HHLLHLH	HHLLH-L
δὑ	ὑ^μεναίῳ.	ἐντοιῷδ'ὑ^μεναίῳ	LHHLLHH	HHHHLHH
τὶ	Τουτὶ_	τουτὶ_μέντοιθαυμαστόν	HHHHHHL	HLHHH-H
ά	εὐά_γητον	ἀρθῶμενφα^νεραὶδροσερὰνφύ^σι^νεὐά_γητον	HHHLLHLLHLLHHHH	HHHLLHLLHLLHLHH
α	βα^ρυ^α_χέος	πατρὸςἀ^π'ὠκεα^νοῦβα^ρυ^α_χέος	HLLHLLHLLHLL	-LLHLLHLLLLH
πι	ἔπι^	ὑψηλῶνὀρέωνκορυ^φὰ_ςἔπι^δενδροκόμουςἵ^να^τηλεφα^νεῖςσκοπι^ὰςἀ^φορώμεθα^	HHHLLHLLHLLHLLHLLHLLHLLHLLHLL	HHHLLHLLHL-HLLHLHHLLHLLHLLHLL
να	ἵ^να^	ὑψηλῶνὀρέωνκορυ^φὰ_ςἔπι^δενδροκόμουςἵ^να^τηλεφα^νεῖςσκοπι^ὰςἀ^φορώμεθα^	HHHLLHLLHLLHLLHLLHLLHLLHLLHLL	HHHLLHLLHL-HLLHLHHLLHLLHLLHLL
σἀ	ἀ_κά^μα^τον	ὄμμα^γὰ^ραἰθέροςἀ_κά^μα^τονσελα^γεῖται	HLLHLLHLLHLLHH	HLLHLLLLLHLLHH
βρι	ὄμβρι^ον	ἀλλ'ἀ^ποσεισά^μεναινέφοςὄμβρι^ον	HLLHLLHLLHLL	HLLHLLHLLH-H
βα	σέβα^ς	οὗσέβα^ςἀρρήτωνἱ^ερῶνἵ^να^μυστοδόκοςδόμοςἐντελεταῖςἁ^γί^αιςἀ^να^δείκνυ^ται	HLLHHHLLHLLHLLHLLHLLHLLHLLHLL	HLHHHHLLHLH-LLHLLHLLHLLHLLHLH
να	ἵ^να^	οὗσέβα^ςἀρρήτωνἱ^ερῶνἵ^να^μυστοδόκοςδόμοςἐντελεταῖςἁ^γί^αιςἀ^να^δείκνυ^ται	HLLHHHLLHLLHLLHLLHLLHLLHLLHLL	HLHHHHLLHLH-LLHLLHLLHLLHLLHLH
ρι	τρι^αίνης	τόντεμεγασθενῆτρι^αίνηςτα^μί^ανγῆςτεκαὶἁλμυ^ρᾶςθα^λάσσηςἄ^γρι^ονμοχλευτήν	HLLHLHLHHLLHHLLHLHLHHLLHLHH	HLL-LH-HHLLHHLHHLHL-H-LH-HH
ρα	ὑψι^κέρα_τα^	ὑψι^κέρα_τα^πέτραν	HLLHLHH	LLLLL-H
λι	πολι^οῦχος	ἥτ'ἐπι^χώρι^οςἡμετέρα_θεὸςαἰγί^δοςἡνί^οχοςπολι^οῦχοςἀ^θά_να_	HLLHLLHLLHLLHLLHLLHLLHLLHH	HLLHLLHLLHLLHLLHLLHL-HLHLL
σἀ	πολι^οῦχος	ἥτ'ἐπι^χώρι^οςἡμετέρα_θεὸςαἰγί^δοςἡνί^οχοςπολι^οῦχοςἀ^θά_να_	HLLHLLHLLHLLHLLHLLHLLHLLHH	HLLHLLHLLHLLHLLHLLHL-HLHLL
θά	Ἀ^θά_να_·	ἥτ'ἐπι^χώρι^οςἡμετέρα_θεὸςαἰγί^δοςἡνί^οχοςπολι^οῦχοςἀ^θά_να_	HLLHLLHLLHLLHLLHLLHLLHLLHH	HLLHLLHLLHLLHLLHLLHL-HLHLL
να	Ἀ^θά_να_·	ἥτ'ἐπι^χώρι^οςἡμετέρα_θεὸςαἰγί^δοςἡνί^οχοςπολι^οῦχοςἀ^θά_να_	HLLHLLHLLHLLHLLHLLHLLHLLHH	HLLHLLHLLHLLHLLHLLHL-HLHLL
δι	Δι^όνυ_σος.	κωμαστὴςδι^όνυ_σος	HHHLLHH	H-H-LLH
νυ	Δι^όνυ_σος.	κωμαστὴςδι^όνυ_σος	HHHLLHH	H-H-LLH
δι	δι^ά^θρει	φρόντιζεδὴκαὶδι^ά^θρειπάντα^τρόποντεσαυτὸν	HHLHHLLHHLLHLHH	HHLHH-LHLLLHLHH
δὶ	ὡδὶ_	μι_μούμενοςκαὶτοῖνποδοῖνὡδὶ_πα^ρενσα^λεύων	HHLHHHLHHHLHLHH	HHLHHHLHHLLHLHH
νὶ	τουτονὶ_	βληχώμενοισὲτουτονὶ_πεινῶντα^κα^τα^λα^βόντες	HHLHLHLHHHLLLLHH	HHLHLHLLHHLLLLHH
ρυ	γρυ_λίζοντες	ὑ_μεῖςδὲγρυ_λίζοντεςὑ^πὸφι^ληδί^ας	HHLHHHLLLLHLH	HH-LHHLLL-HLH
φι	φι^ληδί^ας	ὑ_μεῖςδὲγρυ_λίζοντεςὑ^πὸφι^ληδί^ας	HHLHHHLLLLHLH	HH-LHHLLL-HLH
λύ	μολύ_νουσάν	καὶμαγγα^νεύουσανμολύ_νουσάντετοὺςἑταίρους	HHLHHHLHHHLHLHH	HHLHHLLLHLLHLHH
σι	τὸνχθιζι^νὸν	τά^χα^δ'ἂνδι^ὰ^τὸνχθιζι^νὸνἄνθρωπονὃςἡμᾶςδι^έδυ_πως	LLHLLHHLLHHLLHHLLHH	LLLLLHH-LHHLLHH-LHH
τἴ	ἴ^σως	εἶτ'ἴ^σωςκεῖταιπυ^ρέττων	HLHHHLHH	HHHHHLHH
σἁ	ἁ_νήρ.	ἔστι^γὰρτοιοῦτοςἁ_νήρ	HLHHHLHH	HLLHHLLH
τἀ	τἀ_πὶ^	ἔσθι^εμηδ'ἀ^γα^νάκτεικαὶγὰ^ρἀ^νὴρπα^χὺ^ςἥκειτῶνπροδόντωντἀ_πὶ^θρᾴκης	HLLHLLHHHLLHLLHHHLHHHLHH	HLLHLLLHHLLHLLHHHLHHL-HH
πα	πα_πί^α^·	μὰ^δί^'ἀλλ'ἰσχά^δα^ςὦπα_πί^α^ἥδι^ονγά^ροὐκἂνμὰ^δί^'εἰκρέμαισθέγ'ὑ_μεῖς	LLHHLLHHLLHLHLHHLLHLHLHH	LLH-LLHLLHH-HLHLLLHLHLHH
α	πα_πί^α^·	μὰ^δί^'ἀλλ'ἰσχά^δα^ςὦπα_πί^α^ἥδι^ονγά^ροὐκἂνμὰ^δί^'εἰκρέμαισθέγ'ὑ_μεῖς	LLHHLLHHLLHLHLHHLLHLHLHH	LLH-LLHLLHH-HLHLLLHLHLHH
δι	ἥδι^ον	μὰ^δί^'ἀλλ'ἰσχά^δα^ςὦπα_πί^α^ἥδι^ονγά^ροὐκἂνμὰ^δί^'εἰκρέμαισθέγ'ὑ_μεῖς	LLHHLLHHLLHLHLHHLLHLHLHH	LLH-LLHLLHH-HLHLLLHLHLHH
τἄ	τἄ_ρα^	μὰ^δί^'οὔτἄ_ρα^προπέμψωσετὸλοιπόν	LLHHLLHHLLHH	LLHLLLHHLLHH
νυ	νυ_ν,	ἄ^γενυ_νὦπά^τερἢνμὴτὸδι^καστήρι^ονἅρχων	LLHHLLHHLLHHLLHH	LLLHLLHHLL-H-LHH
ρι	δι^καστήρι^ον	ἄ^γενυ_νὦπά^τερἢνμὴτὸδι^καστήρι^ονἅρχων	LLHHLLHHLLHHLLHH	LLLHLLHHLL-H-LHH
θἄ	ἄ_ριστον;	κα^θί^σῃνῦνπόθενὠνησόμεθ'ἄ_ριστονἔχειςἐλπί^δα^χρηστήντι^να^νῷνἢπόρονἕλλαςἱερόν	LLHHLLHHLLHHLLHHLLHHLLHH	LLHHLLHHLLL-LLHHLLHHLLHHLLHHLLH
κι	θυ_λά^κι^ον,	ἀ^νόνητονἄ^ρ'ὦθυ_λά^κι^ονσ'εἶχονἄ^γαλμα^	LLHLLHHLLHHLLHL	LLHLLHHL-HHLLLL
κἀ	κἀ_ποκλείων	κἀ_ποκλείωντῇθύ^ρᾳλέξονπρὸςεὔνουςγὰρφρά^σεις	HLHHHLHHHLHHHLH	L-HHHLHHHLHHLLH
σἁ	ἁ_νὴρ	τοῦτ'ἐτόλμησ'ὁμι^α^ρὸςχα^νεῖνὁδημολογοκλέωνὅδ'ὅτι^λέγειςσύ^τι^περὶ^τῶννεῶνἀ^ληθέςοὐγὰ^ρἄνποθ'οὗτοςἁ_νὴρτοῦτ'ἐτόλμησενλέγεινεἰμὴξυ^νωμότηςτι^ςἦν	HLHHLLLHLHLHLLLLHLLLLHLLLLHLHLHLHLHLHLHHHLHHHLHHHLHLHLH	HLHHLLLHLHLHLL-LHLLLLHLLLLHLHLHLHLLLHLLHHLHHHLHHHLHLHLH
δι	δι^α^τρα^γεῖν	δι^α^τρα^γεῖντοίνυνκρά^τιστόνἐστί^μοιτὸδίκτυ^ον	LLLHHHLHLHLHLHLH	--LHHLLLLHLHLHLH
δι	δέδι^θι^,	μηδένὦτᾶνδέδι^θι^μηδένὡςἐγὼτοῦτόνγ'ἐὰνγρύξῃτι^ποιήσωδα^κεῖντὴνκαρδί^ανκαὶτὸνπερὶψυ_χῆςδρόμονδρα^μεῖνἵ^ν'εἰδῇμὴπα^τεῖντὰ^ταῖνθεαῖνψηφίσμα^τα^	HLHHLLLHLHLHHHLHHHLHHHLHHHLHHHLHHHLHLHLHHHLHLHLHHHLL	HLHHL-LHLHLHHHLLHHLHHHLHHHLHHHLLHHLHLHLHHHLHLHLHHLLL
γὰ	γὰρ	τόνδελέγεινὁρᾷςγὰρὥςσοιμέγα^ςἐστὶ^νἁ_γὼν	HLLHLHH	HLLHLHLHHLLHLLH
δί	ὁδί_	τί^γάρφα^θ'ὑ_μεῖςἢνὁδί_μετῷλόγῳκρα^τήσῃ	LHLHHHLHLHLHLHH	LLLHHHLLLHLHLHH
μι	εἰμι_.	κα^λῶςγὰ^ρᾔδεινὡςἐγὼταύτῃκρά^τιστόςεἰμι_	LHLHHHLHHHLHLHH	LHLHHHLHHHLLLHL
μα	πράγμα^θ',	νενουθέτηκεναὑτὸνἐςτὰ^πράγμα^θ'οἷς	LHLHLHLHLHLH	LHLHLHLHL-HH
πύ	Πύ_θι^',	ὦφοῖβ'ἄ^πολλονπύ_θι^'ἐπ'ἀ^γα^θῇτύ^χῃ	HHLHHHLLLLHLH	HHLHHL-LLLHLH
θι	Πύ_θι^',	ὦφοῖβ'ἄ^πολλονπύ_θι^'ἐπ'ἀ^γα^θῇτύ^χῃ	HHLHHHLLLLHLH	HHLHHL-LLLHLH
α	νεα^νι^κὴν	νεα^νι^κὴνσχεῖνὡςἐγὼτοὐμὸννομίζω	LLLHHHLHHHLHH	LH-HHHLHHHLHH
νι	νεα^νι^κὴν	νεα^νι^κὴνσχεῖνὡςἐγὼτοὐμὸννομίζω	LLLHHHLHHHLHH	LH-HHHLHHHLHH
α	νεα^νι^ῶν	γῆρα^ςεἶναικρεῖττονἢπολλῶνκι^κίννουςνεα^νι^ῶνκαὶσχῆμα^κεὐρυ^πρωκτί^αν	HLHHHLHHHLHHLLLHHLHLHLH	HLHHHLHHHLLHLHLHHHLH-HLH
τί	κεὐρυ^πρωκτί^αν.	γῆρα^ςεἶναικρεῖττονἢπολλῶνκι^κίννουςνεα^νι^ῶνκαὶσχῆμα^κεὐρυ^πρωκτί^αν	HLHHHLHHHLHHLLLHHLHLHLH	HLHHHLHHHLLHLHLHHHLH-HLH
νἴ	ἂ^ν	τά^χα^δ'ἂ^νἴ^σωςοὐκἐθέλοι	LLLLHHLLH	LLLHHHLLH
σἀ	ἀ^εί.	φύ^σεωςἣνἔχοιτι^ςἀ^εί	LHHLHLLH	LLHHLHLLH
φι	φι^λοπα^τρί^αν	τυ^χὼνἄ^πεισινδι^ὰ^τὴνφι^λοπα^τρί^ανκαὶσοφί^αν	LHLHHLLHLLLLHHLLL	LHLHLLLH-L-LHHLLH
φι	Φι^λοκλέωνος.	ὁπαῖςὁφι^λοκλέωνος	LHLLLLHL	LHL--LHH
ἀ	Ἀ_γι^δῶς	ἀ_γι^δῶςτὸφῶςὁρῶ	HLHLHLH	L-HLHLH
γι	Ἀ_γι^δῶς	ἀ_γι^δῶςτὸφῶςὁρῶ	HLHLHLH	L-HLHLH
τἄ	ἄ_λι^ον,	ϝ'ὥτ'ἄ_λι^ονὅνπερἇμι_ν	HHLLHLHH	HL-LHLHL
λι	ἄ_λι^ον,	ϝ'ὥτ'ἄ_λι^ονὅνπερἇμι_ν	HHLLHLHH	HL-LHLHL
ἀ	Ἀ_γι^δὼ	ἀ_γι^δὼμαρτύ_ρεται	HLHHHLH	L-HHLLH
γι	Ἀ_γι^δὼ	ἀ_γι^δὼμαρτύ_ρεται	HLHHHLH	L-HHLLH
τύ	μαρτύ_ρεται	ἀ_γι^δὼμαρτύ_ρεται	HLHHHLH	L-HHLLH
νι	νι^ν	οὔτεμωμήσθαινι^νἁ_κλεννὰ_χορα_γὸς	HLHHHLHHHLHH	HLHHH-HHLLLH
νὰ	κλεννὰ_	οὔτεμωμήσθαινι^νἁ_κλεννὰ_χορα_γὸς	HLHHHLHHHLHH	HLHHH-HHLLLH
ρα	χορα_γὸς	οὔτεμωμήσθαινι^νἁ_κλεννὰ_χορα_γὸς	HLHHHLHHHLHH	HLHHH-HHLLLH
δἁ	ἁ^μῶς	οὐδ'ἁ^μῶςἐῆιδοκεῖγὰ^ρἤμεναὔτα_	HLHLHLHLHLHH	HHHLHLHLHLHL
τα	αὔτα_	οὐδ'ἁ^μῶςἐῆιδοκεῖγὰ^ρἤμεναὔτα_	HLHLHLHLHLHH	HHHLHLHLHLHL
στά	στά_σειεν	ἐκπρεπὴςτὼςὥπεραἴτι^ςἐνβοτοῖςστά_σειενἵππον	HLHHHLHLHLHHHLHH	HLHHHLHLHLHLHLHH
πα	πα_γὸν	πα_γὸνἀ^εθλοφόρονκα^να^χά_ποδα^	HLLHLLHLLHLL	LLL-LLHLLLLL
χά	κα^να^χά_ποδα^	πα_γὸνἀ^εθλοφόρονκα^να^χά_ποδα^	HLLHLLHLLHLL	LLL-LLHLLLLL
ἁ	ἁ_γὼ	ἁ_γὼδι^καιῶνμὴπα^ρ'ἀγγέλωντέκνα^	HHLHHHLHLHHL	LHLHHHLHLH-L
τί	κα^τοικτί_ρων	εἴηντοιάνδεμὴοὐκα^τοικτί_ρωνἕδρα_ν	HHLHLLHLHHHLH	HHHHLHHLHLH-H
θα	θα_κεῖ,	ἀ^γοραῖσι^θα_κεῖπρόςτεπαλλά^δοςδι^πλοῖς	LLHLHHHLHLHLH	LLHLLHHLHLH-H
κυ	Θουκυ_δί^δης	θουκυ_δί^δηςἀ^θηναῖοςξυ^νέγρα^ψετὸνπόλεμοντῶνπελοποννησί^ων	HHLHLHHHLHHLHLLHHLLHHLH	HLLHLHHHL-LLHLLHHLLHHLH
λι	Καλλι^όπη	καλλι^όπηφα^έθοντα^τὸνεὐ_ρυ^φά^εσσα^βοῶπι_ς	HLLHLLHLLHLLHLLHH	H-LHLLHLLHLLHLLHL
ρί	Ὑ^περί_ων	γῆμεγὰ^ρεὐ_ρυ^φά^εσσα^νἀ^γακλειτὴνὑ^περί_ων	HLLHLLHLLHHHLLHH	HLLHLLHLLLHHLLLH
κα	κα_λὸν	τηλαυγέςκα_λὸνδὲπερὶ^χροῒ^λάμπεταιἔσθος	HHHHHLLHLLHLLHH	HHHLHLLLLLHLHHH
μι	ἡμι^θέων	ἡμι^θέωνὧνἔργα^θεοὶθνητοῖσι^νἔδειξα^ν	HLLHHHLLHHHLLHH	H-LHHHLLHHHLLHL
α	ἰ_τέα^ν	ἐγκέλα^δονἰ_τέα^νἐςμέσηνθενὼνδορὶ^	HLLLHLLHLHLHLL	HLLLHLHHLHLHLL
